"filename", "language", "Markdown", "Ini", "XML", "JSON", "Batch", "TypeScript", "JSON with Comments", "TypeScript JSX", "Properties", "Java", "JavaScript", "HTML", "CSS", "comment", "blank", "total"
"/Users/atylmaz/Desktop/Github/Akilha/.expo/README.md", "Markdown", 8, 0, 0, 0, 0, 0, 0, 0, 0, 0, 0, 0, 0, 0, 1, 9
"/Users/atylmaz/Desktop/Github/Akilha/.expo/devices.json", "JSON", 0, 0, 0, 3, 0, 0, 0, 0, 0, 0, 0, 0, 0, 0, 1, 4
"/Users/atylmaz/Desktop/Github/Akilha/README.md", "Markdown", 160, 0, 0, 0, 0, 0, 0, 0, 0, 0, 0, 0, 0, 0, 64, 224
"/Users/atylmaz/Desktop/Github/Akilha/backend/.mvn/wrapper/maven-wrapper.properties", "Properties", 0, 0, 0, 0, 0, 0, 0, 0, 2, 0, 0, 0, 0, 0, 1, 3
"/Users/atylmaz/Desktop/Github/Akilha/backend/mvnw.cmd", "Batch", 0, 0, 0, 0, 118, 0, 0, 0, 0, 0, 0, 0, 0, 51, 37, 206
"/Users/atylmaz/Desktop/Github/Akilha/backend/pom.xml", "XML", 0, 0, 161, 0, 0, 0, 0, 0, 0, 0, 0, 0, 0, 16, 15, 192
"/Users/atylmaz/Desktop/Github/Akilha/backend/src/main/java/com/akilha/Akilha.java", "Java", 0, 0, 0, 0, 0, 0, 0, 0, 0, 15, 0, 0, 0, 0, 8, 23
"/Users/atylmaz/Desktop/Github/Akilha/backend/src/main/java/com/akilha/approve/ApprovalExceptions.java", "Java", 0, 0, 0, 0, 0, 0, 0, 0, 0, 20, 0, 0, 0, 0, 7, 27
"/Users/atylmaz/Desktop/Github/Akilha/backend/src/main/java/com/akilha/approve/ApprovalType.java", "Java", 0, 0, 0, 0, 0, 0, 0, 0, 0, 5, 0, 0, 0, 0, 2, 7
"/Users/atylmaz/Desktop/Github/Akilha/backend/src/main/java/com/akilha/approve/PendingApproval.java", "Java", 0, 0, 0, 0, 0, 0, 0, 0, 0, 27, 0, 0, 0, 2, 13, 42
"/Users/atylmaz/Desktop/Github/Akilha/backend/src/main/java/com/akilha/approve/PendingApprovalDto.java", "Java", 0, 0, 0, 0, 0, 0, 0, 0, 0, 30, 0, 0, 0, 0, 6, 36
"/Users/atylmaz/Desktop/Github/Akilha/backend/src/main/java/com/akilha/approve/PendingApprovalRepository.java", "Java", 0, 0, 0, 0, 0, 0, 0, 0, 0, 14, 0, 0, 0, 2, 11, 27
"/Users/atylmaz/Desktop/Github/Akilha/backend/src/main/java/com/akilha/approve/PendingApprovalService.java", "Java", 0, 0, 0, 0, 0, 0, 0, 0, 0, 94, 0, 0, 0, 8, 30, 132
"/Users/atylmaz/Desktop/Github/Akilha/backend/src/main/java/com/akilha/auth/AuthController.java", "Java", 0, 0, 0, 0, 0, 0, 0, 0, 0, 55, 0, 0, 0, 4, 16, 75
"/Users/atylmaz/Desktop/Github/Akilha/backend/src/main/java/com/akilha/auth/AuthService.java", "Java", 0, 0, 0, 0, 0, 0, 0, 0, 0, 100, 0, 0, 0, 6, 40, 146
"/Users/atylmaz/Desktop/Github/Akilha/backend/src/main/java/com/akilha/auth/dto/AuthResponse.java", "Java", 0, 0, 0, 0, 0, 0, 0, 0, 0, 18, 0, 0, 0, 0, 3, 21
"/Users/atylmaz/Desktop/Github/Akilha/backend/src/main/java/com/akilha/auth/dto/Credentials.java", "Java", 0, 0, 0, 0, 0, 0, 0, 0, 0, 12, 0, 0, 0, 0, 3, 15
"/Users/atylmaz/Desktop/Github/Akilha/backend/src/main/java/com/akilha/configuration/AuthEntryPoint.java", "Java", 0, 0, 0, 0, 0, 0, 0, 0, 0, 20, 0, 0, 0, 0, 8, 28
"/Users/atylmaz/Desktop/Github/Akilha/backend/src/main/java/com/akilha/configuration/WebSocketConfig.java", "Java", 0, 0, 0, 0, 0, 0, 0, 0, 0, 19, 0, 0, 0, 0, 7, 26
"/Users/atylmaz/Desktop/Github/Akilha/backend/src/main/java/com/akilha/configuration/mapper/ModelMapperConfig.java", "Java", 0, 0, 0, 0, 0, 0, 0, 0, 0, 14, 0, 0, 0, 0, 9, 23
"/Users/atylmaz/Desktop/Github/Akilha/backend/src/main/java/com/akilha/configuration/properties/BackendProperties.java", "Java", 0, 0, 0, 0, 0, 0, 0, 0, 0, 31, 0, 0, 0, 0, 14, 45
"/Users/atylmaz/Desktop/Github/Akilha/backend/src/main/java/com/akilha/configuration/properties/FakeDataGenerator.java", "Java", 0, 0, 0, 0, 0, 0, 0, 0, 0, 35, 0, 0, 0, 0, 16, 51
"/Users/atylmaz/Desktop/Github/Akilha/backend/src/main/java/com/akilha/configuration/security/AppUserDetailsService.java", "Java", 0, 0, 0, 0, 0, 0, 0, 0, 0, 20, 0, 0, 0, 0, 11, 31
"/Users/atylmaz/Desktop/Github/Akilha/backend/src/main/java/com/akilha/configuration/security/CurrentUser.java", "Java", 0, 0, 0, 0, 0, 0, 0, 0, 0, 58, 0, 0, 0, 0, 22, 80
"/Users/atylmaz/Desktop/Github/Akilha/backend/src/main/java/com/akilha/configuration/security/RsaKeyConfig.java", "Java", 0, 0, 0, 0, 0, 0, 0, 0, 0, 32, 0, 0, 0, 0, 8, 40
"/Users/atylmaz/Desktop/Github/Akilha/backend/src/main/java/com/akilha/configuration/security/SecurityBeans.java", "Java", 0, 0, 0, 0, 0, 0, 0, 0, 0, 12, 0, 0, 0, 0, 4, 16
"/Users/atylmaz/Desktop/Github/Akilha/backend/src/main/java/com/akilha/configuration/security/SecurityConfiguration.java", "Java", 0, 0, 0, 0, 0, 0, 0, 0, 0, 89, 0, 0, 0, 11, 25, 125
"/Users/atylmaz/Desktop/Github/Akilha/backend/src/main/java/com/akilha/configuration/security/SecurityUtil.java", "Java", 0, 0, 0, 0, 0, 0, 0, 0, 0, 32, 0, 0, 0, 0, 11, 43
"/Users/atylmaz/Desktop/Github/Akilha/backend/src/main/java/com/akilha/configuration/security/UUIDGeneratorAndShortener.java", "Java", 0, 0, 0, 0, 0, 0, 0, 0, 0, 52, 0, 0, 0, 0, 15, 67
"/Users/atylmaz/Desktop/Github/Akilha/backend/src/main/java/com/akilha/device/controller/DeviceController.java", "Java", 0, 0, 0, 0, 0, 0, 0, 0, 0, 123, 0, 0, 0, 10, 16, 149
"/Users/atylmaz/Desktop/Github/Akilha/backend/src/main/java/com/akilha/device/dto/DeviceCaregiverRequest.java", "Java", 0, 0, 0, 0, 0, 0, 0, 0, 0, 6, 0, 0, 0, 0, 4, 10
"/Users/atylmaz/Desktop/Github/Akilha/backend/src/main/java/com/akilha/device/dto/DeviceRegisterRequest.java", "Java", 0, 0, 0, 0, 0, 0, 0, 0, 0, 7, 0, 0, 0, 0, 3, 10
"/Users/atylmaz/Desktop/Github/Akilha/backend/src/main/java/com/akilha/device/dto/DeviceResponse.java", "Java", 0, 0, 0, 0, 0, 0, 0, 0, 0, 8, 0, 0, 0, 0, 2, 10
"/Users/atylmaz/Desktop/Github/Akilha/backend/src/main/java/com/akilha/device/dto/DeviceUpdateRequest.java", "Java", 0, 0, 0, 0, 0, 0, 0, 0, 0, 7, 0, 0, 0, 0, 2, 9
"/Users/atylmaz/Desktop/Github/Akilha/backend/src/main/java/com/akilha/device/entity/Device.java", "Java", 0, 0, 0, 0, 0, 0, 0, 0, 0, 28, 0, 0, 0, 3, 13, 44
"/Users/atylmaz/Desktop/Github/Akilha/backend/src/main/java/com/akilha/device/exception/DeviceExceptions.java", "Java", 0, 0, 0, 0, 0, 0, 0, 0, 0, 35, 0, 0, 0, 0, 13, 48
"/Users/atylmaz/Desktop/Github/Akilha/backend/src/main/java/com/akilha/device/repository/DeviceRepository.java", "Java", 0, 0, 0, 0, 0, 0, 0, 0, 0, 18, 0, 0, 0, 0, 8, 26
"/Users/atylmaz/Desktop/Github/Akilha/backend/src/main/java/com/akilha/device/service/DeviceService.java", "Java", 0, 0, 0, 0, 0, 0, 0, 0, 0, 184, 0, 0, 0, 11, 54, 249
"/Users/atylmaz/Desktop/Github/Akilha/backend/src/main/java/com/akilha/email/EmailConstants.java", "Java", 0, 0, 0, 0, 0, 0, 0, 0, 0, 6, 0, 0, 0, 0, 2, 8
"/Users/atylmaz/Desktop/Github/Akilha/backend/src/main/java/com/akilha/email/EmailSendException.java", "Java", 0, 0, 0, 0, 0, 0, 0, 0, 0, 9, 0, 0, 0, 0, 4, 13
"/Users/atylmaz/Desktop/Github/Akilha/backend/src/main/java/com/akilha/email/EmailService.java", "Java", 0, 0, 0, 0, 0, 0, 0, 0, 0, 78, 0, 0, 0, 12, 13, 103
"/Users/atylmaz/Desktop/Github/Akilha/backend/src/main/java/com/akilha/email/EmailTemplates.java", "Java", 0, 0, 0, 0, 0, 0, 0, 0, 0, 234, 0, 0, 0, 7, 41, 282
"/Users/atylmaz/Desktop/Github/Akilha/backend/src/main/java/com/akilha/email/StaticTemplates.java", "Java", 0, 0, 0, 0, 0, 0, 0, 0, 0, 958, 0, 0, 0, 22, 146, 1126
"/Users/atylmaz/Desktop/Github/Akilha/backend/src/main/java/com/akilha/error/ApiError.java", "Java", 0, 0, 0, 0, 0, 0, 0, 0, 0, 22, 0, 0, 0, 0, 6, 28
"/Users/atylmaz/Desktop/Github/Akilha/backend/src/main/java/com/akilha/error/ErrorHandler.java", "Java", 0, 0, 0, 0, 0, 0, 0, 0, 0, 362, 0, 0, 0, 0, 73, 435
"/Users/atylmaz/Desktop/Github/Akilha/backend/src/main/java/com/akilha/error/GlobalErrorHandler.java", "Java", 0, 0, 0, 0, 0, 0, 0, 0, 0, 15, 0, 0, 0, 0, 9, 24
"/Users/atylmaz/Desktop/Github/Akilha/backend/src/main/java/com/akilha/logging/config/AsyncConfig.java", "Java", 0, 0, 0, 0, 0, 0, 0, 0, 0, 22, 0, 0, 0, 0, 3, 25
"/Users/atylmaz/Desktop/Github/Akilha/backend/src/main/java/com/akilha/logging/controller/ActivityLogController.java", "Java", 0, 0, 0, 0, 0, 0, 0, 0, 0, 166, 0, 0, 0, 5, 38, 209
"/Users/atylmaz/Desktop/Github/Akilha/backend/src/main/java/com/akilha/logging/dto/ActivityLogResponse.java", "Java", 0, 0, 0, 0, 0, 0, 0, 0, 0, 14, 0, 0, 0, 0, 3, 17
"/Users/atylmaz/Desktop/Github/Akilha/backend/src/main/java/com/akilha/logging/entity/ActivityLog.java", "Java", 0, 0, 0, 0, 0, 0, 0, 0, 0, 30, 0, 0, 0, 0, 11, 41
"/Users/atylmaz/Desktop/Github/Akilha/backend/src/main/java/com/akilha/logging/entity/ActivityType.java", "Java", 0, 0, 0, 0, 0, 0, 0, 0, 0, 36, 0, 0, 0, 6, 11, 53
"/Users/atylmaz/Desktop/Github/Akilha/backend/src/main/java/com/akilha/logging/repository/ActivityLogRepository.java", "Java", 0, 0, 0, 0, 0, 0, 0, 0, 0, 44, 0, 0, 0, 2, 9, 55
"/Users/atylmaz/Desktop/Github/Akilha/backend/src/main/java/com/akilha/logging/service/ActivityLogService.java", "Java", 0, 0, 0, 0, 0, 0, 0, 0, 0, 245, 0, 0, 0, 24, 50, 319
"/Users/atylmaz/Desktop/Github/Akilha/backend/src/main/java/com/akilha/message/ApiResponse.java", "Java", 0, 0, 0, 0, 0, 0, 0, 0, 0, 20, 0, 0, 0, 0, 4, 24
"/Users/atylmaz/Desktop/Github/Akilha/backend/src/main/java/com/akilha/message/GenericMessage.java", "Java", 0, 0, 0, 0, 0, 0, 0, 0, 0, 3, 0, 0, 0, 0, 2, 5
"/Users/atylmaz/Desktop/Github/Akilha/backend/src/main/java/com/akilha/message/Messages.java", "Java", 0, 0, 0, 0, 0, 0, 0, 0, 0, 23, 0, 0, 0, 0, 6, 29
"/Users/atylmaz/Desktop/Github/Akilha/backend/src/main/java/com/akilha/message/ResponseBuilder.java", "Java", 0, 0, 0, 0, 0, 0, 0, 0, 0, 30, 0, 0, 0, 3, 11, 44
"/Users/atylmaz/Desktop/Github/Akilha/backend/src/main/java/com/akilha/token/JwtTokenService.java", "Java", 0, 0, 0, 0, 0, 0, 0, 0, 0, 125, 0, 0, 0, 0, 32, 157
"/Users/atylmaz/Desktop/Github/Akilha/backend/src/main/java/com/akilha/token/Token.java", "Java", 0, 0, 0, 0, 0, 0, 0, 0, 0, 28, 0, 0, 0, 1, 12, 41
"/Users/atylmaz/Desktop/Github/Akilha/backend/src/main/java/com/akilha/token/TokenFilter.java", "Java", 0, 0, 0, 0, 0, 0, 0, 0, 0, 66, 0, 0, 0, 0, 15, 81
"/Users/atylmaz/Desktop/Github/Akilha/backend/src/main/java/com/akilha/token/TokenRepository.java", "Java", 0, 0, 0, 0, 0, 0, 0, 0, 0, 10, 0, 0, 0, 0, 11, 21
"/Users/atylmaz/Desktop/Github/Akilha/backend/src/main/java/com/akilha/token/TokenService.java", "Java", 0, 0, 0, 0, 0, 0, 0, 0, 0, 11, 0, 0, 0, 0, 12, 23
"/Users/atylmaz/Desktop/Github/Akilha/backend/src/main/java/com/akilha/tracker/controller/CompartmentController.java", "Java", 0, 0, 0, 0, 0, 0, 0, 0, 0, 53, 0, 0, 0, 6, 16, 75
"/Users/atylmaz/Desktop/Github/Akilha/backend/src/main/java/com/akilha/tracker/controller/PillController.java", "Java", 0, 0, 0, 0, 0, 0, 0, 0, 0, 48, 0, 0, 0, 9, 6, 63
"/Users/atylmaz/Desktop/Github/Akilha/backend/src/main/java/com/akilha/tracker/dto/CompartmentCreateAndUpdateRequest.java", "Java", 0, 0, 0, 0, 0, 0, 0, 0, 0, 22, 0, 0, 0, 3, 12, 37
"/Users/atylmaz/Desktop/Github/Akilha/backend/src/main/java/com/akilha/tracker/dto/CompartmentDto.java", "Java", 0, 0, 0, 0, 0, 0, 0, 0, 0, 17, 0, 0, 0, 0, 8, 25
"/Users/atylmaz/Desktop/Github/Akilha/backend/src/main/java/com/akilha/tracker/dto/CompartmentNotificationDto.java", "Java", 0, 0, 0, 0, 0, 0, 0, 0, 0, 20, 0, 0, 0, 2, 9, 31
"/Users/atylmaz/Desktop/Github/Akilha/backend/src/main/java/com/akilha/tracker/dto/CompartmentSummaryDto.java", "Java", 0, 0, 0, 0, 0, 0, 0, 0, 0, 18, 0, 0, 0, 0, 4, 22
"/Users/atylmaz/Desktop/Github/Akilha/backend/src/main/java/com/akilha/tracker/dto/PillDropRequest.java", "Java", 0, 0, 0, 0, 0, 0, 0, 0, 0, 8, 0, 0, 0, 0, 4, 12
"/Users/atylmaz/Desktop/Github/Akilha/backend/src/main/java/com/akilha/tracker/dto/PillInstanceSummaryDto.java", "Java", 0, 0, 0, 0, 0, 0, 0, 0, 0, 17, 0, 0, 0, 0, 4, 21
"/Users/atylmaz/Desktop/Github/Akilha/backend/src/main/java/com/akilha/tracker/dto/PillNotTakenRequest.java", "Java", 0, 0, 0, 0, 0, 0, 0, 0, 0, 8, 0, 0, 0, 0, 4, 12
"/Users/atylmaz/Desktop/Github/Akilha/backend/src/main/java/com/akilha/tracker/dto/PillNotificationDto.java", "Java", 0, 0, 0, 0, 0, 0, 0, 0, 0, 22, 0, 0, 0, 0, 5, 27
"/Users/atylmaz/Desktop/Github/Akilha/backend/src/main/java/com/akilha/tracker/entity/Compartment.java", "Java", 0, 0, 0, 0, 0, 0, 0, 0, 0, 25, 0, 0, 0, 0, 9, 34
"/Users/atylmaz/Desktop/Github/Akilha/backend/src/main/java/com/akilha/tracker/entity/DroppedPillTray.java", "Java", 0, 0, 0, 0, 0, 0, 0, 0, 0, 20, 0, 0, 0, 5, 10, 35
"/Users/atylmaz/Desktop/Github/Akilha/backend/src/main/java/com/akilha/tracker/entity/Medicine.java", "Java", 0, 0, 0, 0, 0, 0, 0, 0, 0, 20, 0, 0, 0, 1, 10, 31
"/Users/atylmaz/Desktop/Github/Akilha/backend/src/main/java/com/akilha/tracker/entity/MedicineBatch.java", "Java", 0, 0, 0, 0, 0, 0, 0, 0, 0, 41, 0, 0, 0, 8, 20, 69
"/Users/atylmaz/Desktop/Github/Akilha/backend/src/main/java/com/akilha/tracker/entity/PillInstance.java", "Java", 0, 0, 0, 0, 0, 0, 0, 0, 0, 30, 0, 0, 0, 3, 14, 47
"/Users/atylmaz/Desktop/Github/Akilha/backend/src/main/java/com/akilha/tracker/entity/PillStatus.java", "Java", 0, 0, 0, 0, 0, 0, 0, 0, 0, 8, 0, 0, 0, 0, 3, 11
"/Users/atylmaz/Desktop/Github/Akilha/backend/src/main/java/com/akilha/tracker/exception/TrackerExceptions.java", "Java", 0, 0, 0, 0, 0, 0, 0, 0, 0, 65, 0, 0, 0, 0, 18, 83
"/Users/atylmaz/Desktop/Github/Akilha/backend/src/main/java/com/akilha/tracker/repository/CompartmentRepository.java", "Java", 0, 0, 0, 0, 0, 0, 0, 0, 0, 35, 0, 0, 0, 0, 10, 45
"/Users/atylmaz/Desktop/Github/Akilha/backend/src/main/java/com/akilha/tracker/repository/DroppedPillTrayRepository.java", "Java", 0, 0, 0, 0, 0, 0, 0, 0, 0, 11, 0, 0, 0, 0, 15, 26
"/Users/atylmaz/Desktop/Github/Akilha/backend/src/main/java/com/akilha/tracker/repository/MedicineBatchRepository.java", "Java", 0, 0, 0, 0, 0, 0, 0, 0, 0, 12, 0, 0, 0, 0, 11, 23
"/Users/atylmaz/Desktop/Github/Akilha/backend/src/main/java/com/akilha/tracker/repository/MedicineRepository.java", "Java", 0, 0, 0, 0, 0, 0, 0, 0, 0, 9, 0, 0, 0, 0, 9, 18
"/Users/atylmaz/Desktop/Github/Akilha/backend/src/main/java/com/akilha/tracker/repository/PillInstanceRepository.java", "Java", 0, 0, 0, 0, 0, 0, 0, 0, 0, 27, 0, 0, 0, 1, 19, 47
"/Users/atylmaz/Desktop/Github/Akilha/backend/src/main/java/com/akilha/tracker/service/CompartmentService.java", "Java", 0, 0, 0, 0, 0, 0, 0, 0, 0, 241, 0, 0, 0, 31, 55, 327
"/Users/atylmaz/Desktop/Github/Akilha/backend/src/main/java/com/akilha/tracker/service/NotificationService.java", "Java", 0, 0, 0, 0, 0, 0, 0, 0, 0, 269, 0, 0, 0, 22, 41, 332
"/Users/atylmaz/Desktop/Github/Akilha/backend/src/main/java/com/akilha/tracker/service/PillDropService.java", "Java", 0, 0, 0, 0, 0, 0, 0, 0, 0, 118, 0, 0, 0, 22, 35, 175
"/Users/atylmaz/Desktop/Github/Akilha/backend/src/main/java/com/akilha/tracker/validation/CompartmentIndexValidator.java", "Java", 0, 0, 0, 0, 0, 0, 0, 0, 0, 9, 0, 0, 0, 0, 2, 11
"/Users/atylmaz/Desktop/Github/Akilha/backend/src/main/java/com/akilha/tracker/validation/ValidCompartmentIndex.java", "Java", 0, 0, 0, 0, 0, 0, 0, 0, 0, 13, 0, 0, 0, 0, 2, 15
"/Users/atylmaz/Desktop/Github/Akilha/backend/src/main/java/com/akilha/user/controller/UserController.java", "Java", 0, 0, 0, 0, 0, 0, 0, 0, 0, 210, 0, 0, 0, 41, 61, 312
"/Users/atylmaz/Desktop/Github/Akilha/backend/src/main/java/com/akilha/user/dto/UserDto.java", "Java", 0, 0, 0, 0, 0, 0, 0, 0, 0, 117, 0, 0, 0, 0, 36, 153
"/Users/atylmaz/Desktop/Github/Akilha/backend/src/main/java/com/akilha/user/entity/Role.java", "Java", 0, 0, 0, 0, 0, 0, 0, 0, 0, 4, 0, 0, 0, 0, 3, 7
"/Users/atylmaz/Desktop/Github/Akilha/backend/src/main/java/com/akilha/user/entity/User.java", "Java", 0, 0, 0, 0, 0, 0, 0, 0, 0, 57, 0, 0, 0, 0, 26, 83
"/Users/atylmaz/Desktop/Github/Akilha/backend/src/main/java/com/akilha/user/entity/UserStatus.java", "Java", 0, 0, 0, 0, 0, 0, 0, 0, 0, 8, 0, 0, 0, 0, 4, 12
"/Users/atylmaz/Desktop/Github/Akilha/backend/src/main/java/com/akilha/user/exception/UserExceptions.java", "Java", 0, 0, 0, 0, 0, 0, 0, 0, 0, 159, 0, 0, 0, 0, 40, 199
"/Users/atylmaz/Desktop/Github/Akilha/backend/src/main/java/com/akilha/user/repository/UserRepository.java", "Java", 0, 0, 0, 0, 0, 0, 0, 0, 0, 36, 0, 0, 0, 4, 24, 64
"/Users/atylmaz/Desktop/Github/Akilha/backend/src/main/java/com/akilha/user/service/UserService.java", "Java", 0, 0, 0, 0, 0, 0, 0, 0, 0, 238, 0, 0, 0, 33, 101, 372
"/Users/atylmaz/Desktop/Github/Akilha/backend/src/main/java/com/akilha/user/validation/UniqueEmail.java", "Java", 0, 0, 0, 0, 0, 0, 0, 0, 0, 15, 0, 0, 0, 0, 6, 21
"/Users/atylmaz/Desktop/Github/Akilha/backend/src/main/java/com/akilha/user/validation/UniqueEmailValidator.java", "Java", 0, 0, 0, 0, 0, 0, 0, 0, 0, 20, 0, 0, 0, 0, 12, 32
"/Users/atylmaz/Desktop/Github/Akilha/backend/src/main/java/com/akilha/user/validation/UniqueUsername.java", "Java", 0, 0, 0, 0, 0, 0, 0, 0, 0, 15, 0, 0, 0, 0, 11, 26
"/Users/atylmaz/Desktop/Github/Akilha/backend/src/main/java/com/akilha/user/validation/UniqueUsernameValidator.java", "Java", 0, 0, 0, 0, 0, 0, 0, 0, 0, 20, 0, 0, 0, 0, 13, 33
"/Users/atylmaz/Desktop/Github/Akilha/backend/src/main/resources/ValidationMessages_en.properties", "Properties", 0, 0, 0, 0, 0, 0, 0, 0, 79, 0, 0, 0, 0, 11, 29, 119
"/Users/atylmaz/Desktop/Github/Akilha/backend/src/main/resources/ValidationMessages_tr.properties", "Properties", 0, 0, 0, 0, 0, 0, 0, 0, 83, 0, 0, 0, 0, 6, 35, 124
"/Users/atylmaz/Desktop/Github/Akilha/backend/src/main/resources/application.properties", "Properties", 0, 0, 0, 0, 0, 0, 0, 0, 55, 0, 0, 0, 0, 41, 22, 118
"/Users/atylmaz/Desktop/Github/Akilha/backend/src/main/resources/static/css/password-reset.css", "CSS", 0, 0, 0, 0, 0, 0, 0, 0, 0, 0, 0, 0, 192, 1, 30, 223
"/Users/atylmaz/Desktop/Github/Akilha/backend/src/main/resources/static/js/password-reset.js", "JavaScript", 0, 0, 0, 0, 0, 0, 0, 0, 0, 0, 78, 0, 0, 12, 15, 105
"/Users/atylmaz/Desktop/Github/Akilha/backend/src/main/resources/templates/password-reset.html", "HTML", 0, 0, 0, 0, 0, 0, 0, 0, 0, 0, 0, 68, 0, 0, 6, 74
"/Users/atylmaz/Desktop/Github/Akilha/backend/src/test/java/com/atylmaz/carandwatfootprint/CarAndWatFootprintApplicationTests.java", "Java", 0, 0, 0, 0, 0, 0, 0, 0, 0, 9, 0, 0, 0, 0, 6, 15
"/Users/atylmaz/Desktop/Github/Akilha/backend/src/test/java/com/atylmaz/trend/CarAndWatFootprintApplicationTests.java", "Java", 0, 0, 0, 0, 0, 0, 0, 0, 0, 9, 0, 0, 0, 0, 6, 15
"/Users/atylmaz/Desktop/Github/Akilha/backend/src/test/resources/application.properties", "Properties", 0, 0, 0, 0, 0, 0, 0, 0, 17, 0, 0, 0, 0, 5, 6, 28
"/Users/atylmaz/Desktop/Github/Akilha/desktop.ini", "Ini", 0, 6, 0, 0, 0, 0, 0, 0, 0, 0, 0, 0, 0, 0, 1, 7
"/Users/atylmaz/Desktop/Github/Akilha/front/App.tsx", "TypeScript JSX", 0, 0, 0, 0, 0, 0, 0, 51, 0, 0, 0, 0, 0, 0, 5, 56
"/Users/atylmaz/Desktop/Github/Akilha/front/api-docs.json", "JSON", 0, 0, 0, 1, 0, 0, 0, 0, 0, 0, 0, 0, 0, 0, 0, 1
"/Users/atylmaz/Desktop/Github/Akilha/front/api/Client.ts", "TypeScript", 0, 0, 0, 0, 0, 63, 0, 0, 0, 0, 0, 0, 0, 8, 12, 83
"/Users/atylmaz/Desktop/Github/Akilha/front/api/CompartmentApi.ts", "TypeScript", 0, 0, 0, 0, 0, 75, 0, 0, 0, 0, 0, 0, 0, 14, 9, 98
"/Users/atylmaz/Desktop/Github/Akilha/front/api/ConnectWebSocket.ts", "TypeScript", 0, 0, 0, 0, 0, 128, 0, 0, 0, 0, 0, 0, 0, 9, 24, 161
"/Users/atylmaz/Desktop/Github/Akilha/front/api/DeviceApi.ts", "TypeScript", 0, 0, 0, 0, 0, 134, 0, 0, 0, 0, 0, 0, 0, 13, 17, 164
"/Users/atylmaz/Desktop/Github/Akilha/front/api/DeviceStore.ts", "TypeScript", 0, 0, 0, 0, 0, 19, 0, 0, 0, 0, 0, 0, 0, 0, 3, 22
"/Users/atylmaz/Desktop/Github/Akilha/front/api/JwtParser.ts", "TypeScript", 0, 0, 0, 0, 0, 19, 0, 0, 0, 0, 0, 0, 0, 1, 4, 24
"/Users/atylmaz/Desktop/Github/Akilha/front/api/LoggingApi.ts", "TypeScript", 0, 0, 0, 0, 0, 145, 0, 0, 0, 0, 0, 0, 0, 37, 35, 217
"/Users/atylmaz/Desktop/Github/Akilha/front/api/UserApi.ts", "TypeScript", 0, 0, 0, 0, 0, 216, 0, 0, 0, 0, 0, 0, 0, 3, 25, 244
"/Users/atylmaz/Desktop/Github/Akilha/front/app.json", "JSON", 0, 0, 0, 52, 0, 0, 0, 0, 0, 0, 0, 0, 0, 0, 1, 53
"/Users/atylmaz/Desktop/Github/Akilha/front/components/CustomDatePicker.tsx", "TypeScript JSX", 0, 0, 0, 0, 0, 0, 0, 184, 0, 0, 0, 0, 0, 4, 12, 200
"/Users/atylmaz/Desktop/Github/Akilha/front/components/DateDropDown.tsx", "TypeScript JSX", 0, 0, 0, 0, 0, 0, 0, 293, 0, 0, 0, 0, 0, 2, 17, 312
"/Users/atylmaz/Desktop/Github/Akilha/front/components/DateNavigationBar.tsx", "TypeScript JSX", 0, 0, 0, 0, 0, 0, 0, 406, 0, 0, 0, 0, 0, 1, 16, 423
"/Users/atylmaz/Desktop/Github/Akilha/front/components/DatePicker.tsx", "TypeScript JSX", 0, 0, 0, 0, 0, 0, 0, 170, 0, 0, 0, 0, 0, 5, 23, 198
"/Users/atylmaz/Desktop/Github/Akilha/front/components/MenuOptions.tsx", "TypeScript JSX", 0, 0, 0, 0, 0, 0, 0, 118, 0, 0, 0, 0, 0, 1, 7, 126
"/Users/atylmaz/Desktop/Github/Akilha/front/components/NavigationChangeListener.tsx", "TypeScript JSX", 0, 0, 0, 0, 0, 0, 0, 31, 0, 0, 0, 0, 0, 1, 8, 40
"/Users/atylmaz/Desktop/Github/Akilha/front/components/StockProgess.tsx", "TypeScript JSX", 0, 0, 0, 0, 0, 0, 0, 50, 0, 0, 0, 0, 0, 0, 8, 58
"/Users/atylmaz/Desktop/Github/Akilha/front/components/TimePicker.tsx", "TypeScript JSX", 0, 0, 0, 0, 0, 0, 0, 78, 0, 0, 0, 0, 0, 1, 10, 89
"/Users/atylmaz/Desktop/Github/Akilha/front/components/alNoMessages/CustomAlert.tsx", "TypeScript JSX", 0, 0, 0, 0, 0, 0, 0, 149, 0, 0, 0, 0, 0, 11, 12, 172
"/Users/atylmaz/Desktop/Github/Akilha/front/components/alNoMessages/ErrorModal.tsx", "TypeScript JSX", 0, 0, 0, 0, 0, 0, 0, 124, 0, 0, 0, 0, 0, 0, 7, 131
"/Users/atylmaz/Desktop/Github/Akilha/front/components/alNoMessages/Message.tsx", "TypeScript JSX", 0, 0, 0, 0, 0, 0, 0, 73, 0, 0, 0, 0, 0, 5, 11, 89
"/Users/atylmaz/Desktop/Github/Akilha/front/components/alNoMessages/NoResults.tsx", "TypeScript JSX", 0, 0, 0, 0, 0, 0, 0, 72, 0, 0, 0, 0, 0, 3, 7, 82
"/Users/atylmaz/Desktop/Github/Akilha/front/components/alNoMessages/SuccessModal.tsx", "TypeScript JSX", 0, 0, 0, 0, 0, 0, 0, 115, 0, 0, 0, 0, 0, 5, 9, 129
"/Users/atylmaz/Desktop/Github/Akilha/front/components/alNoMessages/ToastConfig.tsx", "TypeScript JSX", 0, 0, 0, 0, 0, 0, 0, 200, 0, 0, 0, 0, 0, 1, 2, 203
"/Users/atylmaz/Desktop/Github/Akilha/front/components/alNoMessages/UpdateNotification.tsx", "TypeScript JSX", 0, 0, 0, 0, 0, 0, 0, 259, 0, 0, 0, 0, 0, 6, 13, 278
"/Users/atylmaz/Desktop/Github/Akilha/front/components/calendar/MedicineCalendar.tsx", "TypeScript JSX", 0, 0, 0, 0, 0, 0, 0, 447, 0, 0, 0, 0, 0, 7, 25, 479
"/Users/atylmaz/Desktop/Github/Akilha/front/components/compartment/CompartmentDetails.tsx", "TypeScript JSX", 0, 0, 0, 0, 0, 0, 0, 451, 0, 0, 0, 0, 0, 13, 28, 492
"/Users/atylmaz/Desktop/Github/Akilha/front/components/compartment/CompartmentList.tsx", "TypeScript JSX", 0, 0, 0, 0, 0, 0, 0, 212, 0, 0, 0, 0, 0, 5, 18, 235
"/Users/atylmaz/Desktop/Github/Akilha/front/components/compartment/ScheduleDetailModal.tsx", "TypeScript JSX", 0, 0, 0, 0, 0, 0, 0, 207, 0, 0, 0, 0, 0, 0, 10, 217
"/Users/atylmaz/Desktop/Github/Akilha/front/components/compartment/steps/Step1MedicineDetails.tsx", "TypeScript JSX", 0, 0, 0, 0, 0, 0, 0, 263, 0, 0, 0, 0, 0, 5, 16, 284
"/Users/atylmaz/Desktop/Github/Akilha/front/components/compartment/steps/Step2UsageType.tsx", "TypeScript JSX", 0, 0, 0, 0, 0, 0, 0, 639, 0, 0, 0, 0, 0, 9, 27, 675
"/Users/atylmaz/Desktop/Github/Akilha/front/components/compartment/steps/Step3Schedule.tsx", "TypeScript JSX", 0, 0, 0, 0, 0, 0, 0, 190, 0, 0, 0, 0, 0, 6, 15, 211
"/Users/atylmaz/Desktop/Github/Akilha/front/components/compartment/steps/Step4Summary.tsx", "TypeScript JSX", 0, 0, 0, 0, 0, 0, 0, 541, 0, 0, 0, 0, 0, 22, 54, 617
"/Users/atylmaz/Desktop/Github/Akilha/front/components/schedules/IrregularScheduleForm.tsx", "TypeScript JSX", 0, 0, 0, 0, 0, 0, 0, 866, 0, 0, 0, 0, 0, 43, 64, 973
"/Users/atylmaz/Desktop/Github/Akilha/front/components/schedules/RegularScheduleForm.tsx", "TypeScript JSX", 0, 0, 0, 0, 0, 0, 0, 930, 0, 0, 0, 0, 0, 37, 72, 1039
"/Users/atylmaz/Desktop/Github/Akilha/front/components/toast/CustomToast.tsx", "TypeScript JSX", 0, 0, 0, 0, 0, 0, 0, 192, 0, 0, 0, 0, 0, 3, 14, 209
"/Users/atylmaz/Desktop/Github/Akilha/front/components/toast/ToastInitializer.tsx", "TypeScript JSX", 0, 0, 0, 0, 0, 0, 0, 13, 0, 0, 0, 0, 0, 1, 6, 20
"/Users/atylmaz/Desktop/Github/Akilha/front/components/toast/ToastManager.tsx", "TypeScript JSX", 0, 0, 0, 0, 0, 0, 0, 71, 0, 0, 0, 0, 0, 2, 15, 88
"/Users/atylmaz/Desktop/Github/Akilha/front/constant/theme.ts", "TypeScript", 0, 0, 0, 0, 0, 168, 0, 0, 0, 0, 0, 0, 0, 12, 16, 196
"/Users/atylmaz/Desktop/Github/Akilha/front/context/AuthContext.tsx", "TypeScript JSX", 0, 0, 0, 0, 0, 0, 0, 291, 0, 0, 0, 0, 0, 4, 52, 347
"/Users/atylmaz/Desktop/Github/Akilha/front/context/CompartmentContext.tsx", "TypeScript JSX", 0, 0, 0, 0, 0, 0, 0, 119, 0, 0, 0, 0, 0, 1, 16, 136
"/Users/atylmaz/Desktop/Github/Akilha/front/context/DeviceContext.tsx", "TypeScript JSX", 0, 0, 0, 0, 0, 0, 0, 300, 0, 0, 0, 0, 0, 7, 24, 331
"/Users/atylmaz/Desktop/Github/Akilha/front/context/LanguageContext.tsx", "TypeScript JSX", 0, 0, 0, 0, 0, 0, 0, 65, 0, 0, 0, 0, 0, 6, 14, 85
"/Users/atylmaz/Desktop/Github/Akilha/front/context/LoggingContext.tsx", "TypeScript JSX", 0, 0, 0, 0, 0, 0, 0, 391, 0, 0, 0, 0, 0, 26, 60, 477
"/Users/atylmaz/Desktop/Github/Akilha/front/context/ManagerContext.tsx", "TypeScript JSX", 0, 0, 0, 0, 0, 0, 0, 165, 0, 0, 0, 0, 0, 3, 29, 197
"/Users/atylmaz/Desktop/Github/Akilha/front/context/ThemeContext.tsx", "TypeScript JSX", 0, 0, 0, 0, 0, 0, 0, 69, 0, 0, 0, 0, 0, 5, 15, 89
"/Users/atylmaz/Desktop/Github/Akilha/front/eas.json", "JSON", 0, 0, 0, 21, 0, 0, 0, 0, 0, 0, 0, 0, 0, 0, 1, 22
"/Users/atylmaz/Desktop/Github/Akilha/front/hooks/useTheme.ts", "TypeScript", 0, 0, 0, 0, 0, 52, 0, 0, 0, 0, 0, 0, 0, 0, 4, 56
"/Users/atylmaz/Desktop/Github/Akilha/front/index.js", "JavaScript", 0, 0, 0, 0, 0, 0, 0, 0, 0, 0, 3, 0, 0, 0, 1, 4
"/Users/atylmaz/Desktop/Github/Akilha/front/localization/en.json", "JSON", 0, 0, 0, 143, 0, 0, 0, 0, 0, 0, 0, 0, 0, 0, 1, 144
"/Users/atylmaz/Desktop/Github/Akilha/front/localization/en.ts", "TypeScript", 0, 0, 0, 0, 0, 672, 0, 0, 0, 0, 0, 0, 0, 68, 87, 827
"/Users/atylmaz/Desktop/Github/Akilha/front/localization/i18n.ts", "TypeScript", 0, 0, 0, 0, 0, 34, 0, 0, 0, 0, 0, 0, 0, 10, 11, 55
"/Users/atylmaz/Desktop/Github/Akilha/front/localization/tr.ts", "TypeScript", 0, 0, 0, 0, 0, 784, 0, 0, 0, 0, 0, 0, 0, 83, 94, 961
"/Users/atylmaz/Desktop/Github/Akilha/front/localization/translations.ts", "TypeScript", 0, 0, 0, 0, 0, 7, 0, 0, 0, 0, 0, 0, 0, 1, 1, 9
"/Users/atylmaz/Desktop/Github/Akilha/front/navigation/AdminNavigator.tsx", "TypeScript JSX", 0, 0, 0, 0, 0, 0, 0, 199, 0, 0, 0, 0, 0, 3, 15, 217
"/Users/atylmaz/Desktop/Github/Akilha/front/navigation/AppNavigator.tsx", "TypeScript JSX", 0, 0, 0, 0, 0, 0, 0, 28, 0, 0, 0, 0, 0, 0, 8, 36
"/Users/atylmaz/Desktop/Github/Akilha/front/navigation/AuthNavigator.tsx", "TypeScript JSX", 0, 0, 0, 0, 0, 0, 0, 32, 0, 0, 0, 0, 0, 0, 7, 39
"/Users/atylmaz/Desktop/Github/Akilha/front/navigation/CompartmentStack.tsx", "TypeScript JSX", 0, 0, 0, 0, 0, 0, 0, 18, 0, 0, 0, 0, 0, 0, 5, 23
"/Users/atylmaz/Desktop/Github/Akilha/front/navigation/CustomDraverContent.tsx", "TypeScript JSX", 0, 0, 0, 0, 0, 0, 0, 66, 0, 0, 0, 0, 0, 0, 7, 73
"/Users/atylmaz/Desktop/Github/Akilha/front/navigation/DeviceNavigator.tsx", "TypeScript JSX", 0, 0, 0, 0, 0, 0, 0, 74, 0, 0, 0, 0, 0, 1, 7, 82
"/Users/atylmaz/Desktop/Github/Akilha/front/navigation/ManagerNavigator.tsx", "TypeScript JSX", 0, 0, 0, 0, 0, 0, 0, 343, 0, 0, 0, 0, 0, 9, 27, 379
"/Users/atylmaz/Desktop/Github/Akilha/front/navigation/MedicationTrackingStackNavigator.tsx", "TypeScript JSX", 0, 0, 0, 0, 0, 0, 0, 19, 0, 0, 0, 0, 0, 1, 4, 24
"/Users/atylmaz/Desktop/Github/Akilha/front/navigation/UserNavigator.tsx", "TypeScript JSX", 0, 0, 0, 0, 0, 0, 0, 203, 0, 0, 0, 0, 0, 3, 12, 218
"/Users/atylmaz/Desktop/Github/Akilha/front/navigation/navigation.ts", "TypeScript", 0, 0, 0, 0, 0, 147, 0, 0, 0, 0, 0, 0, 0, 12, 34, 193
"/Users/atylmaz/Desktop/Github/Akilha/front/package-lock.json", "JSON", 0, 0, 0, 10015, 0, 0, 0, 0, 0, 0, 0, 0, 0, 0, 1, 10016
"/Users/atylmaz/Desktop/Github/Akilha/front/package.json", "JSON", 0, 0, 0, 60, 0, 0, 0, 0, 0, 0, 0, 0, 0, 0, 1, 61
"/Users/atylmaz/Desktop/Github/Akilha/front/screens/admin/AdminProfileScreen.tsx", "TypeScript JSX", 0, 0, 0, 0, 0, 0, 0, 314, 0, 0, 0, 0, 0, 4, 20, 338
"/Users/atylmaz/Desktop/Github/Akilha/front/screens/admin/adminPage.tsx", "TypeScript JSX", 0, 0, 0, 0, 0, 0, 0, 44, 0, 0, 0, 0, 0, 0, 5, 49
"/Users/atylmaz/Desktop/Github/Akilha/front/screens/auth/ForgotPasswordScreen.tsx", "TypeScript JSX", 0, 0, 0, 0, 0, 0, 0, 317, 0, 0, 0, 0, 0, 7, 24, 348
"/Users/atylmaz/Desktop/Github/Akilha/front/screens/auth/LoginScreen.tsx", "TypeScript JSX", 0, 0, 0, 0, 0, 0, 0, 350, 0, 0, 0, 0, 0, 2, 21, 373
"/Users/atylmaz/Desktop/Github/Akilha/front/screens/auth/MedicationRegisterSuccessScreen.tsx", "TypeScript JSX", 0, 0, 0, 0, 0, 0, 0, 220, 0, 0, 0, 0, 0, 1, 17, 238
"/Users/atylmaz/Desktop/Github/Akilha/front/screens/auth/RegisterScreen.tsx", "TypeScript JSX", 0, 0, 0, 0, 0, 0, 0, 720, 0, 0, 0, 0, 0, 11, 41, 772
"/Users/atylmaz/Desktop/Github/Akilha/front/screens/auth/RegisterSuccessScreen.tsx", "TypeScript JSX", 0, 0, 0, 0, 0, 0, 0, 91, 0, 0, 0, 0, 0, 4, 11, 106
"/Users/atylmaz/Desktop/Github/Akilha/front/screens/common/AboutScreen.tsx", "TypeScript JSX", 0, 0, 0, 0, 0, 0, 0, 268, 0, 0, 0, 0, 0, 0, 17, 285
"/Users/atylmaz/Desktop/Github/Akilha/front/screens/common/ChangePasswordScreen.tsx", "TypeScript JSX", 0, 0, 0, 0, 0, 0, 0, 310, 0, 0, 0, 0, 0, 1, 20, 331
"/Users/atylmaz/Desktop/Github/Akilha/front/screens/common/PrivacyScreen.tsx", "TypeScript JSX", 0, 0, 0, 0, 0, 0, 0, 126, 0, 0, 0, 0, 0, 0, 12, 138
"/Users/atylmaz/Desktop/Github/Akilha/front/screens/common/ProfileScreen.tsx", "TypeScript JSX", 0, 0, 0, 0, 0, 0, 0, 817, 0, 0, 0, 0, 0, 8, 40, 865
"/Users/atylmaz/Desktop/Github/Akilha/front/screens/common/SettingsScreen.tsx", "TypeScript JSX", 0, 0, 0, 0, 0, 0, 0, 573, 0, 0, 0, 0, 0, 6, 31, 610
"/Users/atylmaz/Desktop/Github/Akilha/front/screens/device/ConnectToDeviceScreen.tsx", "TypeScript JSX", 0, 0, 0, 0, 0, 0, 0, 337, 0, 0, 0, 0, 0, 8, 14, 359
"/Users/atylmaz/Desktop/Github/Akilha/front/screens/device/ViewRelativeDeviceScreen.tsx", "TypeScript JSX", 0, 0, 0, 0, 0, 0, 0, 396, 0, 0, 0, 0, 0, 6, 16, 418
"/Users/atylmaz/Desktop/Github/Akilha/front/screens/manager/ActivityLogsScreen.tsx", "TypeScript JSX", 0, 0, 0, 0, 0, 0, 0, 856, 0, 0, 0, 0, 0, 19, 49, 924
"/Users/atylmaz/Desktop/Github/Akilha/front/screens/manager/ApprovedUsersScreen.tsx", "TypeScript JSX", 0, 0, 0, 0, 0, 0, 0, 827, 0, 0, 0, 0, 0, 7, 32, 866
"/Users/atylmaz/Desktop/Github/Akilha/front/screens/manager/DeviceRequestsScreen.tsx", "TypeScript JSX", 0, 0, 0, 0, 0, 0, 0, 513, 0, 0, 0, 0, 0, 5, 24, 542
"/Users/atylmaz/Desktop/Github/Akilha/front/screens/manager/HomeScreen.tsx", "TypeScript JSX", 0, 0, 0, 0, 0, 0, 0, 1329, 0, 0, 0, 0, 0, 25, 52, 1406
"/Users/atylmaz/Desktop/Github/Akilha/front/screens/manager/compartment/AddCompartmentScreen.tsx", "TypeScript JSX", 0, 0, 0, 0, 0, 0, 0, 430, 0, 0, 0, 0, 0, 22, 34, 486
"/Users/atylmaz/Desktop/Github/Akilha/front/screens/manager/compartment/CompartmentScreen.tsx", "TypeScript JSX", 0, 0, 0, 0, 0, 0, 0, 2016, 0, 0, 0, 0, 0, 45, 72, 2133
"/Users/atylmaz/Desktop/Github/Akilha/front/screens/manager/compartment/CompartmentUsageScreen.tsx", "TypeScript JSX", 0, 0, 0, 0, 0, 0, 0, 626, 0, 0, 0, 0, 0, 20, 31, 677
"/Users/atylmaz/Desktop/Github/Akilha/front/screens/user/PendingApprovalScreen.tsx", "TypeScript JSX", 0, 0, 0, 0, 0, 0, 0, 584, 0, 0, 0, 0, 0, 7, 23, 614
"/Users/atylmaz/Desktop/Github/Akilha/front/tsconfig.json", "JSON with Comments", 0, 0, 0, 0, 0, 0, 23, 0, 0, 0, 0, 0, 0, 0, 0, 23
"/Users/atylmaz/Desktop/Github/Akilha/front/types/Types.ts", "TypeScript", 0, 0, 0, 0, 0, 236, 0, 0, 0, 0, 0, 0, 0, 19, 42, 297
"/Users/atylmaz/Desktop/Github/Akilha/front/types/device.ts", "TypeScript", 0, 0, 0, 0, 0, 15, 0, 0, 0, 0, 0, 0, 0, 0, 3, 18
"/Users/atylmaz/Desktop/Github/Akilha/front/types/index.ts", "TypeScript", 0, 0, 0, 0, 0, 34, 0, 0, 0, 0, 0, 0, 0, 0, 8, 42
"/Users/atylmaz/Desktop/Github/Akilha/front/types/user.ts", "TypeScript", 0, 0, 0, 0, 0, 22, 0, 0, 0, 0, 0, 0, 0, 0, 3, 25
"Total", "-", 168, 6, 161, 10295, 118, 2970, 23, 21841, 236, 5880, 81, 68, 192, 1239, 3772, 47050